{
	"partitions" : [
		{
			"name" : "Top",
			"pins" : [
				{
					"name" : "HEX3[0]",
					"strict" : false
				},
				{
					"name" : "HEX3[1]",
					"strict" : false
				},
				{
					"name" : "HEX3[2]",
					"strict" : false
				},
				{
					"name" : "HEX3[3]",
					"strict" : false
				},
				{
					"name" : "HEX2[0]",
					"strict" : false
				},
				{
					"name" : "HEX2[1]",
					"strict" : false
				},
				{
					"name" : "HEX2[2]",
					"strict" : false
				},
				{
					"name" : "HEX2[3]",
					"strict" : false
				},
				{
					"name" : "HEX1[0]",
					"strict" : false
				},
				{
					"name" : "HEX1[1]",
					"strict" : false
				},
				{
					"name" : "HEX1[2]",
					"strict" : false
				},
				{
					"name" : "HEX1[3]",
					"strict" : false
				},
				{
					"name" : "HEX0[0]",
					"strict" : false
				},
				{
					"name" : "HEX0[1]",
					"strict" : false
				},
				{
					"name" : "HEX0[2]",
					"strict" : false
				},
				{
					"name" : "HEX0[3]",
					"strict" : false
				},
				{
					"name" : "VGA_R[0]",
					"strict" : false
				},
				{
					"name" : "VGA_R[1]",
					"strict" : false
				},
				{
					"name" : "VGA_R[2]",
					"strict" : false
				},
				{
					"name" : "VGA_R[3]",
					"strict" : false
				},
				{
					"name" : "VGA_R[4]",
					"strict" : false
				},
				{
					"name" : "VGA_R[5]",
					"strict" : false
				},
				{
					"name" : "VGA_R[6]",
					"strict" : false
				},
				{
					"name" : "VGA_R[7]",
					"strict" : false
				},
				{
					"name" : "VGA_G[0]",
					"strict" : false
				},
				{
					"name" : "VGA_G[1]",
					"strict" : false
				},
				{
					"name" : "VGA_G[2]",
					"strict" : false
				},
				{
					"name" : "VGA_G[3]",
					"strict" : false
				},
				{
					"name" : "VGA_G[4]",
					"strict" : false
				},
				{
					"name" : "VGA_G[5]",
					"strict" : false
				},
				{
					"name" : "VGA_G[6]",
					"strict" : false
				},
				{
					"name" : "VGA_G[7]",
					"strict" : false
				},
				{
					"name" : "VGA_B[0]",
					"strict" : false
				},
				{
					"name" : "VGA_B[1]",
					"strict" : false
				},
				{
					"name" : "VGA_B[2]",
					"strict" : false
				},
				{
					"name" : "VGA_B[3]",
					"strict" : false
				},
				{
					"name" : "VGA_B[4]",
					"strict" : false
				},
				{
					"name" : "VGA_B[5]",
					"strict" : false
				},
				{
					"name" : "VGA_B[6]",
					"strict" : false
				},
				{
					"name" : "VGA_B[7]",
					"strict" : false
				},
				{
					"name" : "VGA_HS",
					"strict" : false
				},
				{
					"name" : "VGA_VS",
					"strict" : false
				},
				{
					"name" : "VGA_BLANK_N",
					"strict" : false
				},
				{
					"name" : "CLOCK_50",
					"strict" : false
				},
				{
					"name" : "KEY[0]",
					"strict" : false
				},
				{
					"name" : "KEY[3]",
					"strict" : false
				},
				{
					"name" : "ps2_clk",
					"strict" : false
				},
				{
					"name" : "ps2_data",
					"strict" : false
				}
			]
		}
	]
}